,rank,t_init,t_init_top,t_init_traj,t_open_traj,t_n_atoms,t_set_units,total_io,total_io/bsize,total_copy_data,total_copy_box,total_get_dataset,total_set_ts_position,total_convert_units,total_rmsd,total_rmsd/bsize,t_wait,t_comm_gather,t_close_traj,total_time
0,0.0,2.5519206523895264,1.9486300945281982,0.598902702331543,0.4031689167022705,0.07106900215148926,0.0013039112091064453,61.9091157913208,0.15362063471791762,0.4004833698272705,0.192138671875,60.953832149505615,0.033026695251464844,0.0738668441772461,0.07991862297058105,0.00019830923814039963,11.218099117279053,0.022418975830078125,0.0005042552947998047,75.78147315979004
1,1.0,2.555326223373413,1.8952529430389404,0.6556136608123779,0.4565720558166504,0.07482314109802246,0.0012924671173095703,66.00727224349976,0.16378975742803908,0.4096090793609619,0.1939225196838379,65.02744793891907,0.034671783447265625,0.07799625396728516,0.08186936378479004,0.00020314978606647652,7.118410348892212,4.220008850097656e-05,0.022699832916259766,75.76292037963867
2,2.0,2.553260326385498,1.9689488410949707,0.580125093460083,0.3807077407836914,0.07462167739868164,0.001302957534790039,65.18602871894836,0.16175193230508278,0.3994772434234619,0.44732093811035156,63.97193908691406,0.03432798385620117,0.07591080665588379,0.08144426345825195,0.0002020949465465309,7.939440965652466,3.9577484130859375e-05,0.022689342498779297,75.76021385192871
3,3.0,2.5552544593811035,1.9351003170013428,0.6159121990203857,0.41680479049682617,0.07502055168151855,0.0012238025665283203,56.84761667251587,0.14106108355462996,0.3967568874359131,0.4307577610015869,55.6544828414917,0.03309154510498047,0.07470822334289551,0.07886123657226562,0.0001956854505515276,16.28146266937256,4.291534423828125e-05,0.022668123245239258,75.76323795318604
4,4.0,2.5553886890411377,1.9650461673736572,0.5859465599060059,0.38690924644470215,0.07495808601379395,0.001247406005859375,66.77581906318665,0.16569682149674106,0.411057710647583,1.149404525756836,64.83757090568542,0.03367805480957031,0.07864689826965332,0.0832359790802002,0.0002065408910178665,6.348626613616943,4.076957702636719e-05,0.02241683006286621,75.76311111450195
5,5.0,2.554176092147827,1.922823429107666,0.6267757415771484,0.42795896530151367,0.07687830924987793,0.0013663768768310547,68.03913879394531,0.16883160991053428,0.4057753086090088,1.1468334197998047,66.11479640007019,0.03261995315551758,0.0777742862701416,0.08342647552490234,0.00020701358691042765,5.085839748382568,3.4332275390625e-05,0.022423505783081055,75.762615442276
6,6.0,2.556380033493042,1.958458423614502,0.5935454368591309,0.39359045028686523,0.07485818862915039,0.0013303756713867188,67.0097439289093,0.1662772802206186,0.41032958030700684,0.44144296646118164,65.7871766090393,0.032811880111694336,0.07590889930725098,0.08199739456176758,0.0002034674803021528,6.115177869796753,4.029273986816406e-05,0.022377729415893555,75.76333951950073
7,7.0,2.5528461933135986,1.9196503162384033,0.6286969184875488,0.42954540252685547,0.0747840404510498,0.0012450218200683594,67.18055486679077,0.16670112870171408,0.4151301383972168,2.276460647583008,64.11242437362671,0.03401827812194824,0.07617831230163574,0.08208060264587402,0.0002036739519748735,5.945271730422974,3.9577484130859375e-05,0.022330760955810547,75.76079297065735
8,8.0,2.5530593395233154,1.9356610774993896,0.613011360168457,0.4127161502838135,0.07459902763366699,0.001331329345703125,59.31257772445679,0.14717761221949574,0.41190648078918457,0.9604778289794922,57.568755865097046,0.03268027305603027,0.0745246410369873,0.0798335075378418,0.00019809803359265954,13.814262866973877,4.124641418457031e-05,0.022315263748168945,75.759774684906
9,9.0,2.5521836280822754,1.9336819648742676,0.614182710647583,0.4153738021850586,0.0749821662902832,0.001287698745727539,57.28625726699829,0.1421495217543382,0.3900723457336426,0.4275631904602051,56.11520481109619,0.03184700012207031,0.07177853584289551,0.0791635513305664,0.00019643561124210027,15.843114137649536,3.933906555175781e-05,0.022504329681396484,75.76075792312622
10,10.0,2.5560035705566406,1.9676899909973145,0.583827018737793,0.3846702575683594,0.0744333267211914,0.0012919902801513672,70.42817544937134,0.17475974056915966,0.41901302337646484,0.43851542472839355,69.18641781806946,0.035451412200927734,0.07917404174804688,0.08652806282043457,0.00021470983330132648,2.6925673484802246,3.123283386230469e-05,0.02246689796447754,75.7633056640625
11,11.0,2.5541276931762695,1.9276864528656006,0.6221270561218262,0.42325806617736816,0.0749671459197998,0.0012974739074707031,64.28260922431946,0.15951019658640064,0.40710902214050293,3.145291805267334,60.36293578147888,0.03214669227600098,0.07447671890258789,0.08088374137878418,0.00020070407290020888,8.845099210739136,3.910064697265625e-05,0.022428512573242188,75.76275897026062
12,12.0,2.5533254146575928,1.9470329284667969,0.6019599437713623,0.40220093727111816,0.07482790946960449,0.001361846923828125,57.69663405418396,0.14316782643718104,0.4148290157318115,1.1491193771362305,55.76040816307068,0.03272366523742676,0.07577991485595703,0.08009457588195801,0.000198745845860938,15.43041205406189,3.910064697265625e-05,0.02245473861694336,75.76050519943237
13,13.0,2.5527234077453613,1.938462734222412,0.6100633144378662,0.41077280044555664,0.07502245903015137,0.0012273788452148438,67.3950400352478,0.16723334996339406,0.6392960548400879,1.3509230613708496,65.02283215522766,0.03574204444885254,0.07870030403137207,0.08446550369262695,0.0002095918205772381,5.728007078170776,4.5299530029296875e-05,0.022490501403808594,75.7602813243866
14,14.0,2.551945686340332,1.9595212936401367,0.5881869792938232,0.3886873722076416,0.07950973510742188,0.001169443130493164,61.518237352371216,0.1526507130331792,0.6328482627868652,0.5870499610900879,59.92865872383118,0.03363966941833496,0.0743098258972168,0.07976126670837402,0.0001979187759513003,11.609376668930054,4.029273986816406e-05,0.022397518157958984,75.75936126708984
15,15.0,2.554800271987915,1.9351844787597656,0.615300178527832,0.4158782958984375,0.0749659538269043,0.0012869834899902344,68.01592016220093,0.16877399543970453,0.6256301403045654,0.5841310024261475,66.44362592697144,0.03308510780334473,0.07402181625366211,0.07988953590393066,0.000198237061796354,5.111865997314453,4.3392181396484375e-05,0.022324562072753906,75.76251935958862
16,16.0,2.5526278018951416,1.9860708713531494,0.5622105598449707,0.36199092864990234,0.07504820823669434,0.0012772083282470703,65.37012362480164,0.16220874348586015,0.40429067611694336,0.706585168838501,63.8834969997406,0.0343022346496582,0.07610678672790527,0.08356499671936035,0.00020735731195871055,7.753915309906006,4.458427429199219e-05,0.021546125411987305,75.76027631759644
17,17.0,2.554694414138794,1.9280421733856201,0.6221680641174316,0.4231560230255127,0.07477498054504395,0.0012373924255371094,55.95993900299072,0.13885840943670155,0.3914155960083008,0.6231682300567627,54.595022201538086,0.030215024948120117,0.07091069221496582,0.07496929168701172,0.00018602801907447076,17.17321467399597,4.00543212890625e-05,0.022474050521850586,75.76285743713379
18,18.0,2.5511507987976074,1.9229402542114258,0.6237537860870361,0.42647767066955566,0.07675290107727051,0.001260519027709961,64.21775388717651,0.15934926522872583,0.41040873527526855,1.6787538528442383,61.76327347755432,0.030404329299926758,0.07565665245056152,0.08001470565795898,0.0001985476567195012,8.909495830535889,3.886222839355469e-05,0.022428274154663086,75.75845408439636
19,19.0,2.551175117492676,1.9332983493804932,0.6137146949768066,0.415006160736084,0.07488822937011719,0.0013735294342041016,62.39387893676758,0.15482352093490714,0.3921077251434326,1.6697487831115723,59.97114825248718,0.03231000900268555,0.07454133033752441,0.07958126068115234,0.00019747211087134576,10.7350594997406,3.981590270996094e-05,0.023081541061401367,75.75973463058472
20,20.0,2.5523977279663086,1.9701943397521973,0.5779728889465332,0.3792428970336914,0.07486557960510254,0.0012209415435791016,65.29627227783203,0.1620254895231564,0.4157536029815674,3.388906717300415,61.111287117004395,0.0332489013671875,0.080230712890625,0.08275794982910156,0.00020535471421613292,7.829106092453003,4.076957702636719e-05,0.02222919464111328,75.76057481765747
21,21.0,2.554532289505005,1.9409575462341309,0.6095893383026123,0.410750150680542,0.07471776008605957,0.0013074874877929688,67.11477541923523,0.16653790426609238,0.41192007064819336,2.53444242477417,63.78910422325134,0.035538434982299805,0.07837843894958496,0.08325862884521484,0.0002065970939087217,6.009954929351807,4.124641418457031e-05,0.022237777709960938,75.76256251335144
22,22.0,2.55456805229187,1.9570069313049316,0.5930509567260742,0.39319753646850586,0.07476568222045898,0.0013179779052734375,66.45250844955444,0.16489456190956436,0.4126460552215576,2.011406660079956,63.649964809417725,0.035253047943115234,0.0784296989440918,0.0817558765411377,0.00020286818000282307,6.672788143157959,3.9577484130859375e-05,0.0222470760345459,75.76166009902954
23,23.0,2.5552525520324707,1.9109156131744385,0.6399905681610107,0.44084882736206055,0.0750572681427002,0.0012774467468261719,65.2405219078064,0.16188715113599603,0.39426612854003906,3.3779168128967285,61.11382722854614,0.03218674659729004,0.07182168960571289,0.07649707794189453,0.00018981905196499883,7.891330242156982,3.933906555175781e-05,0.02213430404663086,75.7636411190033
24,24.0,2.552881956100464,1.9376246929168701,0.6108877658843994,0.4109039306640625,0.0747673511505127,0.0013239383697509766,70.04779124259949,0.1738158591627779,0.40814852714538574,3.383901596069336,65.89335894584656,0.031363487243652344,0.07358503341674805,0.07867980003356934,0.00019523523581530853,3.080726146697998,3.910064697265625e-05,0.0221560001373291,75.76011824607849
25,25.0,2.554858446121216,1.9168074131011963,0.6333827972412109,0.43397998809814453,0.07484626770019531,0.0013155937194824219,69.11268901824951,0.1714955062487581,0.40384507179260254,3.4250054359436035,64.90989398956299,0.03487539291381836,0.07689738273620605,0.08283376693725586,0.0002055428459981535,4.0119524002075195,4.076957702636719e-05,0.022519826889038086,75.76237440109253
26,26.0,2.555164098739624,1.9925105571746826,0.5586812496185303,0.3598623275756836,0.07491064071655273,0.001300811767578125,68.83491110801697,0.17080623103726295,0.40615391731262207,2.008342981338501,66.04963517189026,0.03267359733581543,0.0763406753540039,0.08199763298034668,0.00020346807191153022,4.290933847427368,4.8160552978515625e-05,0.022536277770996094,75.76305484771729
27,27.0,2.551161766052246,1.9194974899291992,0.6269097328186035,0.42837977409362793,0.07473039627075195,0.0012481212615966797,62.887367248535156,0.15604805768867283,0.578463077545166,3.5964953899383545,57.02304792404175,0.031922101974487305,0.07314610481262207,0.0782322883605957,0.00019412478501388511,10.242698669433594,4.9114227294921875e-05,0.022516250610351562,75.75950908660889
28,28.0,2.568934679031372,1.9823060035705566,0.5822539329528809,0.38306093215942383,0.0761258602142334,0.001226663589477539,55.18715977668762,0.13694084311833157,0.40859508514404297,0.40645623207092285,53.995662450790405,0.03547501564025879,0.07879447937011719,0.08360910415649414,0.00020746675969353384,17.93780827522278,3.719329833984375e-05,0.02252483367919922,75.7775490283966
29,29.0,2.568929672241211,1.9634854793548584,0.6010797023773193,0.40123605728149414,0.07597541809082031,0.0012884140014648438,53.95171594619751,0.13387522567294668,0.4199519157409668,0.4100069999694824,52.73474359512329,0.03627729415893555,0.07988882064819336,0.08364510536193848,0.00020755609270952475,19.172171592712402,4.124641418457031e-05,0.022553682327270508,75.77650356292725
30,30.0,2.5676863193511963,1.9642243385314941,0.5990817546844482,0.4004476070404053,0.07601618766784668,0.0012369155883789062,58.32724714279175,0.14473262318310606,0.4140470027923584,0.40897560119628906,57.12011384963989,0.03698539733886719,0.0806722640991211,0.08312487602233887,0.00020626520104798725,14.798396348953247,3.695487976074219e-05,0.022539377212524414,75.77649164199829
31,31.0,2.5692570209503174,1.9556503295898438,0.609022855758667,0.40958333015441895,0.07611632347106934,0.0012433528900146484,54.09239077568054,0.13422429472873584,0.42499208450317383,0.41902661323547363,52.86629605293274,0.03201150894165039,0.07916903495788574,0.08171725273132324,0.0002027723392836805,19.0341796875,4.863739013671875e-05,0.022642850875854492,75.77759337425232
32,32.0,2.5673935413360596,1.9586670398712158,0.6042780876159668,0.40492916107177734,0.07613372802734375,0.001283407211303711,50.76275682449341,0.12596217574315982,0.39426541328430176,0.4651510715484619,49.53705549240112,0.0336611270904541,0.07600188255310059,0.0800013542175293,0.0001985145265943655,22.36577844619751,4.315376281738281e-05,0.022534608840942383,75.77597332000732
33,33.0,2.565563201904297,1.944345235824585,0.6167428493499756,0.41765522956848145,0.07586121559143066,0.0013034343719482422,63.39868140220642,0.15731682730076035,0.4127693176269531,0.4752345085144043,62.136834144592285,0.03173542022705078,0.07930183410644531,0.0826730728149414,0.00020514410127777023,9.727209568023682,3.314018249511719e-05,0.02244710922241211,75.77416038513184
34,34.0,2.564459800720215,1.9449341297149658,0.6146607398986816,0.41631364822387695,0.07600760459899902,0.0012807846069335938,60.38689994812012,0.14984342418888366,0.4145646095275879,1.3969712257385254,58.19525170326233,0.03583884239196777,0.0779876708984375,0.08477497100830078,0.00021035972954913345,12.737727403640747,3.933906555175781e-05,0.022459745407104492,75.77390146255493
35,35.0,2.566052198410034,1.9690444469451904,0.5926570892333984,0.3930509090423584,0.07605290412902832,0.0012674331665039062,49.495859146118164,0.12281850904743961,0.4109673500061035,0.47462940216064453,48.23394155502319,0.03499722480773926,0.07785892486572266,0.08371210098266602,0.00020772233494458067,23.628424167633057,3.886222839355469e-05,0.02243328094482422,75.77408647537231
36,36.0,2.56827449798584,1.9722728729248047,0.591702938079834,0.38985466957092285,0.07610416412353516,0.0012898445129394531,55.270315170288086,0.13714718404537987,0.417248010635376,0.6003515720367432,53.86520719528198,0.03752899169921875,0.08160996437072754,0.08482170104980469,0.0002104756849871084,17.85045099258423,3.886222839355469e-05,0.022204875946044922,75.77390122413635
37,37.0,2.5696237087249756,1.9350788593292236,0.6301364898681641,0.4303417205810547,0.07612800598144531,0.0012781620025634766,60.80734062194824,0.15088670129515694,0.4252920150756836,1.5862619876861572,58.4100821018219,0.03557157516479492,0.07867956161499023,0.08249545097351074,0.00020470335229158992,12.318388223648071,3.9577484130859375e-05,0.022223711013793945,75.77788758277893
38,38.0,2.5670254230499268,1.9476158618927002,0.6148624420166016,0.4139363765716553,0.07607698440551758,0.0012993812561035156,60.98835229873657,0.15133586178346545,0.4126303195953369,1.5821852684020996,58.60757398605347,0.03630471229553223,0.08293914794921875,0.08667731285095215,0.00021508018077159342,12.131850481033325,3.314018249511719e-05,0.022451162338256836,75.77393865585327
39,39.0,2.568873167037964,1.9419395923614502,0.6225743293762207,0.4232780933380127,0.07607603073120117,0.0012962818145751953,53.49986720085144,0.13275401290533856,0.4072604179382324,1.3949456214904785,51.32640838623047,0.033571720123291016,0.07532930374145508,0.08083319664001465,0.00020057865171219515,19.62813687324524,3.9577484130859375e-05,0.022078275680541992,75.77775001525879
40,40.0,2.5682709217071533,1.9835972785949707,0.5805013179779053,0.3813760280609131,0.0760960578918457,0.001314401626586914,53.245235204696655,0.13212217172381305,0.4143698215484619,2.2591874599456787,50.196088790893555,0.03442049026489258,0.07756686210632324,0.08040428161621094,0.00019951434644221078,19.88333773612976,3.933906555175781e-05,0.022131681442260742,75.77728748321533
41,41.0,2.5681533813476562,1.9596507549285889,0.6038732528686523,0.4037814140319824,0.07600116729736328,0.0013303756713867188,60.18337559700012,0.14933840098511197,0.4154541492462158,1.721228837966919,57.668646574020386,0.033592939376831055,0.0788118839263916,0.08233261108398438,0.00020429928308680987,12.941787242889404,4.172325134277344e-05,0.022527217864990234,75.77569055557251
42,42.0,2.568286180496216,1.9667916297912598,0.5970947742462158,0.39888453483581543,0.07567691802978516,0.0012841224670410156,58.71877408027649,0.1457041540453511,0.4217197895050049,1.0920073986053467,56.81880760192871,0.03488969802856445,0.08061432838439941,0.08421730995178223,0.00020897595521534053,14.406218767166138,4.076957702636719e-05,0.022400617599487305,75.77753710746765
43,43.0,2.5707738399505615,1.972778558731079,0.5936470031738281,0.3926379680633545,0.07605242729187012,0.0012919902801513672,54.75374412536621,0.13586537003812957,0.4213535785675049,1.0934526920318604,52.85350298881531,0.03541827201843262,0.07927966117858887,0.08328509330749512,0.00020666276254961566,18.369493007659912,4.0531158447265625e-05,0.022476673126220703,75.77733659744263
44,44.0,2.568561315536499,1.9763500690460205,0.5878190994262695,0.38901615142822266,0.07598114013671875,0.0012688636779785156,60.46058368682861,0.15002626225019508,0.41252708435058594,5.2255823612213135,54.44599986076355,0.03386378288269043,0.07757759094238281,0.08313632011413574,0.00020629359829810358,12.665379047393799,3.719329833984375e-05,0.022455930709838867,75.77769756317139
45,45.0,2.5658578872680664,1.9301207065582275,0.6311891078948975,0.4315338134765625,0.07604646682739258,0.0013043880462646484,47.264102935791016,0.11728065244613155,0.4214751720428467,1.110806941986084,45.343504667282104,0.03469967842102051,0.08194398880004883,0.08317708969116211,0.00020639476350164295,25.860737323760986,3.814697265625e-05,0.022522449493408203,75.77391338348389
46,46.0,2.56549334526062,1.9530303478240967,0.6079864501953125,0.40865588188171387,0.07602095603942871,0.0012738704681396484,58.11127519607544,0.14419671264534847,0.41608381271362305,2.2602055072784424,55.05133247375488,0.03629016876220703,0.0791623592376709,0.08251094818115234,0.00020474180690112245,15.014126777648926,3.8623809814453125e-05,0.022414445877075195,75.77344489097595
47,47.0,2.5658888816833496,1.9144964218139648,0.6471929550170898,0.44738006591796875,0.07602930068969727,0.0013074874877929688,61.11188840866089,0.15164240299915854,0.40008974075317383,2.262596607208252,58.094621658325195,0.03146862983703613,0.07105183601379395,0.07776451110839844,0.00019296404741538074,12.0189528465271,3.886222839355469e-05,0.022345304489135742,75.77453351020813
48,48.0,2.5669546127319336,1.9524967670440674,0.6099734306335449,0.4108753204345703,0.07381129264831543,0.0013096332550048828,58.28142547607422,0.14461892177685912,0.4096097946166992,1.913809061050415,55.57436943054199,0.03528571128845215,0.08303022384643555,0.08623790740966797,0.0002139898446890024,14.841992378234863,3.695487976074219e-05,0.021535396575927734,75.77664732933044
49,49.0,2.569711208343506,1.9642038345336914,0.6009423732757568,0.40096235275268555,0.07607650756835938,0.00128173828125,61.08739471435547,0.15158162460137833,0.40803050994873047,2.2643227577209473,58.036940574645996,0.03327512741088867,0.07875394821166992,0.08284687995910645,0.00020557538451391178,12.037577152252197,4.0531158447265625e-05,0.022528886795043945,75.77757048606873
50,50.0,2.5761516094207764,1.9683754444122314,0.6037795543670654,0.39408135414123535,0.07578754425048828,0.0012831687927246094,57.53815793991089,0.14277458545883595,0.40935540199279785,1.907358169555664,54.84147548675537,0.034873008728027344,0.08039617538452148,0.08346962928771973,0.00020712066820774126,15.576198101043701,4.0531158447265625e-05,0.022415876388549805,75.77401781082153
51,51.0,2.5688905715942383,1.9579505920410156,0.6064777374267578,0.4066314697265625,0.07603311538696289,0.00138092041015625,63.78522181510925,0.15827598465287657,0.4151649475097656,5.227712154388428,57.765310287475586,0.032804012298583984,0.07841277122497559,0.08318281173706055,0.0002064089621267011,9.339688062667847,3.147125244140625e-05,0.02239227294921875,75.77701473236084
52,52.0,2.568753242492676,1.969311237335205,0.5951173305511475,0.39604616165161133,0.07613229751586914,0.0012545585632324219,56.9097843170166,0.14156662765427017,0.41184282302856445,5.225935220718384,50.90315294265747,0.03276777267456055,0.07451796531677246,0.08147001266479492,0.00020266172304675355,16.21793007850647,4.172325134277344e-05,0.022155284881591797,75.77797937393188
53,53.0,2.5690295696258545,1.9669883251190186,0.5975959300994873,0.39844202995300293,0.0760505199432373,0.0012509822845458984,60.04636478424072,0.1493690666274645,0.4139101505279541,2.268334150314331,56.98888325691223,0.034796953201293945,0.07635664939880371,0.08165383338928223,0.00020311898853055281,13.08083987236023,3.933906555175781e-05,0.022179603576660156,75.77792739868164
54,54.0,2.568659543991089,1.9581019878387451,0.606334924697876,0.4075047969818115,0.07589268684387207,0.0012979507446289062,51.713560581207275,0.12864069796320218,0.4063842296600342,4.453127861022949,46.47081184387207,0.035988807678222656,0.08089327812194824,0.08398079872131348,0.0002089074595057549,21.411137104034424,4.291534423828125e-05,0.022183656692504883,75.77738094329834
55,55.0,2.5690836906433105,1.9419972896575928,0.6227409839630127,0.4233205318450928,0.07610344886779785,0.0013358592987060547,59.41275930404663,0.1477929335921558,0.846066951751709,1.8308119773864746,56.11022210121155,0.03641819953918457,0.07961010932922363,0.08459305763244629,0.00021043049162300072,13.71097731590271,4.315376281738281e-05,0.022164583206176758,75.77745652198792
56,56.0,2.556832790374756,1.9522640705108643,0.5992648601531982,0.40148282051086426,0.07639122009277344,0.0013270378112792969,69.73606777191162,0.17347280540276522,0.549020528793335,4.798003673553467,64.02581024169922,0.030289411544799805,0.07563447952270508,0.08092021942138672,0.00020129407816265354,3.3916165828704834,3.719329833984375e-05,0.022170543670654297,75.76547455787659
57,57.0,2.5583724975585938,1.9805669784545898,0.5732831954956055,0.37398505210876465,0.07441306114196777,0.0014379024505615234,67.46359586715698,0.1678198902168084,0.5560917854309082,4.799798011779785,61.738261222839355,0.030785799026489258,0.07735061645507812,0.08080077171325684,0.0002009969445603404,5.662867784500122,4.649162292480469e-05,0.02260303497314453,75.76568341255188
58,58.0,2.555560350418091,1.9582805633544922,0.5932533740997314,0.3946354389190674,0.07394051551818848,0.0012812614440917969,66.06405901908875,0.16433845527136504,0.5459733009338379,4.7953081130981445,60.353416442871094,0.033262014389038086,0.0765693187713623,0.08286046981811523,0.00020612057168685382,7.060659885406494,4.172325134277344e-05,0.022311925888061523,75.76318144798279
59,59.0,2.5583221912384033,2.0082321166992188,0.5458760261535645,0.3462822437286377,0.07463932037353516,0.0013327598571777344,49.33615231513977,0.12272674705258649,0.4056365489959717,1.2077114582061768,47.35634994506836,0.03219151496887207,0.07457208633422852,0.08027315139770508,0.00019968445621319672,23.79088044166565,4.458427429199219e-05,0.022531986236572266,75.76567268371582
60,60.0,2.5557730197906494,1.927396297454834,0.6240625381469727,0.42685866355895996,0.07404446601867676,0.0012843608856201172,58.56531262397766,0.14568485727357627,0.39856982231140137,2.0102789402008057,55.799190521240234,0.031966209411621094,0.07197999954223633,0.07779717445373535,0.00019352530958640634,14.565997123718262,4.2438507080078125e-05,0.022513628005981445,75.76492238044739
61,61.0,2.5566534996032715,1.9874942302703857,0.5646562576293945,0.36515140533447266,0.07458114624023438,0.0013031959533691406,64.46706581115723,0.16036583535113738,0.39226651191711426,2.052168607711792,61.66284656524658,0.029276371002197266,0.0764617919921875,0.07806515693664551,0.00019419193267822266,8.662192106246948,4.38690185546875e-05,0.022500038146972656,75.76402044296265
62,62.0,2.55676531791687,1.9618868827819824,0.5908567905426025,0.3927788734436035,0.07458090782165527,0.0012710094451904297,66.10659694671631,0.16444427101173212,0.5405561923980713,4.793646335601807,60.41007041931152,0.030341148376464844,0.07757210731506348,0.08060503005981445,0.00020051002502441406,7.021367788314819,4.1484832763671875e-05,0.022478818893432617,75.76537656784058
63,63.0,2.5563509464263916,1.9984352588653564,0.5531308650970459,0.35380125045776367,0.07454347610473633,0.0013275146484375,64.23392271995544,0.1597858774128245,0.5679171085357666,4.806225538253784,58.475414752960205,0.0346982479095459,0.07907533645629883,0.08507347106933594,0.00021162554992372123,8.887943506240845,4.5299530029296875e-05,0.022739887237548828,75.76333594322205
64,64.0,2.5626587867736816,1.9544093608856201,0.6040256023406982,0.39928507804870605,0.07459855079650879,0.001312255859375,65.60879254341125,0.1632059516005255,0.5519123077392578,4.800814628601074,59.88453125953674,0.03190946578979492,0.07597541809082031,0.08101797103881836,0.00020153724139009542,7.5118842124938965,4.935264587402344e-05,0.022914409637451172,75.76440286636353
65,65.0,2.5576155185699463,2.002894639968872,0.5502898693084717,0.35125041007995605,0.07462382316589355,0.0012767314910888672,70.34815311431885,0.17499540575701206,0.5664494037628174,4.805542945861816,64.59559464454651,0.0317537784576416,0.07947707176208496,0.0834035873413086,0.00020747161030176267,2.775575637817383,3.528594970703125e-05,0.022719144821166992,75.76478314399719
66,66.0,2.555558443069458,1.9420783519744873,0.609088659286499,0.41196370124816895,0.07389163970947266,0.0012564659118652344,64.84932088851929,0.16131671862815744,0.5449082851409912,4.796844959259033,59.142282485961914,0.033139705657958984,0.07535433769226074,0.07956433296203613,0.00019792122627372173,8.279711961746216,3.814697265625e-05,0.022644996643066406,75.76419377326965
67,67.0,2.5579230785369873,1.9781479835510254,0.575312614440918,0.3760371208190918,0.07461881637573242,0.001262664794921875,58.95734143257141,0.14666005331485427,0.38960790634155273,0.6395599842071533,57.566580057144165,0.03297924995422363,0.07489585876464844,0.08040237426757812,0.00020000590613825404,14.169557094573975,4.029273986816406e-05,0.022704601287841797,75.76526427268982
68,68.0,2.556534767150879,1.9593119621276855,0.5929639339447021,0.395219087600708,0.0763859748840332,0.0013227462768554688,56.609683990478516,0.14082010942905104,0.39038872718811035,1.356917142868042,54.50568413734436,0.03174901008605957,0.0739898681640625,0.07930779457092285,0.0001972830710719474,16.520052909851074,4.100799560546875e-05,0.022365331649780273,75.765620470047
69,69.0,2.5579702854156494,2.0054104328155518,0.5481951236724854,0.34912610054016113,0.07459497451782227,0.0013227462768554688,67.13351130485535,0.1669987843404362,0.3984835147857666,0.9099905490875244,65.46222734451294,0.03174781799316406,0.07500576972961426,0.08085203170776367,0.00020112445698448675,5.993016242980957,3.9577484130859375e-05,0.022451162338256836,75.76538944244385
70,70.0,2.560694932937622,1.9299449920654297,0.6266062259674072,0.4222128391265869,0.07456707954406738,0.0013127326965332031,61.098002672195435,0.151985081274118,0.3918898105621338,1.3537724018096924,58.99817490577698,0.03167986869812012,0.07211112976074219,0.07659125328063965,0.00019052550567323295,12.027702808380127,4.2438507080078125e-05,0.02234363555908203,75.7630341053009
71,71.0,2.5578043460845947,2.005037784576416,0.5483901500701904,0.3495910167694092,0.07916903495788574,0.0012407302856445312,66.41216778755188,0.16520439748147234,0.40595126152038574,1.3628182411193848,64.26728177070618,0.03403329849243164,0.07865643501281738,0.08287525177001953,0.00020615734271149137,6.712413787841797,4.124641418457031e-05,0.022316694259643555,75.76530241966248
72,72.0,2.556504487991333,1.9298667907714844,0.6224658489227295,0.42466115951538086,0.07461023330688477,0.0013158321380615234,59.274898529052734,0.1474499963409272,0.39404797554016113,0.6505296230316162,57.86186408996582,0.034470319747924805,0.07590627670288086,0.08143734931945801,0.0002025804709439254,13.852777481079102,4.124641418457031e-05,0.022305011749267578,75.76565909385681
73,73.0,2.556915760040283,1.999894618988037,0.5526161193847656,0.35375165939331055,0.07456588745117188,0.0012722015380859375,65.5479040145874,0.16305448759847613,0.3914499282836914,1.2115163803100586,63.583460330963135,0.03309345245361328,0.07458806037902832,0.0811307430267334,0.0002018177687232174,7.578679084777832,4.172325134277344e-05,0.022243261337280273,75.7646713256836
74,74.0,2.554863929748535,1.933577299118042,0.6169202327728271,0.418975830078125,0.07456326484680176,0.001314401626586914,63.79455232620239,0.15869291623433432,0.39185285568237305,0.8290455341339111,62.208210468292236,0.03365182876586914,0.07657814025878906,0.08143305778503418,0.00020256979548515964,9.337642669677734,3.695487976074219e-05,0.01766037940979004,75.76852893829346
75,75.0,2.557896137237549,2.0093915462493896,0.5440022945404053,0.34496140480041504,0.0745697021484375,0.0013418197631835938,65.29757976531982,0.1624317904609946,0.40660929679870605,0.8353755474090576,63.67739009857178,0.035495758056640625,0.07627034187316895,0.08278155326843262,0.00020592426186177268,7.827479124069214,4.100799560546875e-05,0.022257328033447266,75.76577758789062
76,76.0,2.5558862686157227,1.948883056640625,0.6027486324310303,0.40485143661499023,0.07467007637023926,0.001299142837524414,60.91161036491394,0.1515214188181939,0.40164756774902344,0.6323249340057373,59.51525521278381,0.031069517135620117,0.07526445388793945,0.08131217956542969,0.00020226910339659127,12.216358661651611,4.267692565917969e-05,0.022218704223632812,75.76521015167236
77,77.0,2.5581612586975098,1.9482042789459229,0.605473518371582,0.40612173080444336,0.07459139823913574,0.0013036727905273438,62.299201011657715,0.1549731368449197,0.3970346450805664,0.5293796062469482,61.01008605957031,0.033675432205200195,0.07430887222290039,0.07990384101867676,0.0001987657736783004,10.828200817108154,4.0531158447265625e-05,0.022289752960205078,75.7655074596405
78,78.0,2.5566391944885254,1.9485411643981934,0.6036524772644043,0.4064290523529053,0.0738990306854248,0.001310110092163086,57.95344853401184,0.14416280729853692,0.39495253562927246,0.5805063247680664,56.60911679267883,0.03473830223083496,0.07543778419494629,0.08358502388000488,0.00020792294497513653,15.172127962112427,4.38690185546875e-05,0.022185325622558594,75.76584458351135
79,79.0,2.5573716163635254,1.9617125988006592,0.5911295413970947,0.39307141304016113,0.07395648956298828,0.0012881755828857422,66.61952185630798,0.1657202036226567,0.557668924331665,4.801831007003784,60.88154363632202,0.03423333168029785,0.07972359657287598,0.08408212661743164,0.00020915951894883493,6.525916814804077,4.0531158447265625e-05,0.0006649494171142578,75.78693294525146
80,80.0,2.555596351623535,1.9527192115783691,0.5984692573547363,0.40160536766052246,0.0737607479095459,0.0012936592102050781,66.39238739013672,0.1651551925127779,0.5538718700408936,4.79923939704895,60.67229676246643,0.029446840286254883,0.07707715034484863,0.0800175666809082,0.00019904867333559253,6.737653970718384,4.172325134277344e-05,0.021427154541015625,75.76569700241089
81,81.0,2.556047201156616,1.9984872341156006,0.5529828071594238,0.35376453399658203,0.07456660270690918,0.001344919204711914,61.57682514190674,0.15317618194504165,0.5454628467559814,4.796537637710571,55.87863612174988,0.031198501586914062,0.0725550651550293,0.07748198509216309,0.0001927412564481669,11.553425788879395,4.100799560546875e-05,0.022275209426879883,75.76382112503052
82,82.0,2.5555834770202637,1.9652490615844727,0.5863461494445801,0.3892674446105957,0.07391691207885742,0.0012264251708984375,68.50086617469788,0.1704001646136763,0.5511624813079834,4.8001389503479,62.78435230255127,0.031048297882080078,0.07558465003967285,0.08129477500915527,0.00020222580848048576,4.627169847488403,3.9577484130859375e-05,0.022182464599609375,75.76495385169983
83,83.0,2.557324171066284,1.9786090850830078,0.5744407176971436,0.3763282299041748,0.07402539253234863,0.001360177993774414,67.77549624443054,0.16859576180206604,0.5533065795898438,4.974563360214233,61.879560708999634,0.033188581466674805,0.07479357719421387,0.0810692310333252,0.00020166475381424177,5.352250099182129,3.552436828613281e-05,0.022276878356933594,75.76617527008057
84,84.0,2.555023670196533,1.9789881706237793,0.5716402530670166,0.3689146041870117,0.07329440116882324,0.0012068748474121094,61.16351771354675,0.15214805401379788,0.39603686332702637,0.9185054302215576,59.49718761444092,0.031069278717041016,0.0711069107055664,0.07678818702697754,0.00019101539061437198,11.962905168533325,4.744529724121094e-05,0.021991729736328125,75.75828218460083
85,85.0,2.5481088161468506,1.9387593269348145,0.6051371097564697,0.41058874130249023,0.07138204574584961,0.0012595653533935547,55.56432318687439,0.13821970942008555,0.39910221099853516,0.9210214614868164,53.8830406665802,0.03194713592529297,0.07283282279968262,0.07763791084289551,0.00019312913144998883,17.5676007270813,4.3392181396484375e-05,0.021987438201904297,75.75771403312683
86,86.0,2.5504868030548096,1.9598746299743652,0.5862014293670654,0.38809776306152344,0.07320904731750488,0.0012691020965576172,53.983031272888184,0.13428614744499548,0.39711761474609375,0.40926337242126465,52.81521153450012,0.03055882453918457,0.07557129859924316,0.07777190208435059,0.00019346244299589698,19.1469087600708,4.267692565917969e-05,0.022073745727539062,75.7582414150238
87,87.0,2.5487561225891113,1.9635262489318848,0.5807399749755859,0.38268208503723145,0.07938480377197266,0.0012209415435791016,67.48765897750854,0.16787974870027,0.40581274032592773,0.9252448081970215,65.7789421081543,0.03291511535644531,0.08154153823852539,0.08258295059204102,0.00020543022535333586,5.63899564743042,4.9114227294921875e-05,0.02214837074279785,75.75804281234741
88,88.0,2.545708656311035,1.9562873840332031,0.5849883556365967,0.38599348068237305,0.07464480400085449,0.0012645721435546875,59.606547594070435,0.14827499401510058,0.38698577880859375,0.9761965274810791,57.88634204864502,0.030508995056152344,0.07525181770324707,0.07816505432128906,0.00019444043363504743,13.52350664138794,4.291534423828125e-05,0.021999835968017578,75.75397086143494
89,89.0,2.544175148010254,1.9820454120635986,0.5581169128417969,0.3605313301086426,0.07468795776367188,0.0013153553009033203,68.61420679092407,0.17068210644508475,0.4213066101074219,0.990095853805542,66.8201756477356,0.03275012969970703,0.08062863349914551,0.08317375183105469,0.00020689988017675296,4.511712551116943,3.62396240234375e-05,0.022354841232299805,75.75330448150635
90,90.0,2.5460546016693115,1.9590580463409424,0.5826516151428223,0.38475942611694336,0.07320475578308105,0.0012204647064208984,61.03454566001892,0.15182722800999732,0.4048924446105957,0.8705644607543945,59.39095711708069,0.034012794494628906,0.07489991188049316,0.08069682121276855,0.00020073836122579242,12.091906785964966,4.57763671875e-05,0.0223386287689209,75.75324964523315
91,91.0,2.5483880043029785,1.9686851501464844,0.5755391120910645,0.3776869773864746,0.07473874092102051,0.0012805461883544922,64.32984161376953,0.16002448162629238,0.40930771827697754,0.8073000907897949,62.74556112289429,0.03253579139709473,0.07496094703674316,0.0791325569152832,0.0001968471565056796,8.80027985572815,4.291534423828125e-05,0.02233266830444336,75.75768494606018
92,92.0,2.5448644161224365,1.9519596099853516,0.5884354114532471,0.39176321029663086,0.07333159446716309,0.0012204647064208984,69.9871084690094,0.1740972847487796,0.4129214286804199,6.5090649127960205,62.68388605117798,0.035825490951538086,0.0773015022277832,0.08197212219238281,0.0002039107517223453,3.1394574642181396,3.314018249511719e-05,0.02233719825744629,75.75343561172485
93,93.0,2.5422348976135254,1.9511919021606445,0.586308479309082,0.39084434509277344,0.07306909561157227,0.0012199878692626953,67.5953414440155,0.16814761553237687,0.4107491970062256,4.728622198104858,62.07704734802246,0.03419137001037598,0.07846760749816895,0.08322858810424805,0.00020703628881653743,5.531212329864502,3.910064697265625e-05,0.02234339714050293,75.75205636024475
94,94.0,2.5433285236358643,1.9592249393463135,0.579728364944458,0.3838002681732178,0.07136416435241699,0.0012767314910888672,64.9922993183136,0.16167238636396417,0.40320897102355957,4.726351737976074,59.50169658660889,0.03149080276489258,0.07362556457519531,0.07933545112609863,0.00019735186847288217,8.135815620422363,4.2438507080078125e-05,0.02234649658203125,75.750821352005
95,95.0,2.5613229274749756,1.9446051120758057,0.6124429702758789,0.40393495559692383,0.07212090492248535,0.0012936592102050781,67.11988592147827,0.16696489035193599,0.3994441032409668,6.411813020706177,59.934396266937256,0.03397345542907715,0.07854914665222168,0.08327388763427734,0.00020714897421462026,5.992573499679565,4.8160552978515625e-05,0.022518634796142578,75.75710439682007
96,96.0,2.550321102142334,1.963733434677124,0.5820984840393066,0.38265323638916016,0.07473993301391602,0.0012905597686767578,67.47208142280579,0.1678409985641935,0.4194154739379883,3.2523298263549805,63.42707061767578,0.032324790954589844,0.07420539855957031,0.08050346374511719,0.0002002573725002915,5.654986381530762,3.743171691894531e-05,0.02232956886291504,75.75792980194092
97,97.0,2.548948049545288,1.9712584018707275,0.5734443664550781,0.3753659725189209,0.07478618621826172,0.0012509822845458984,67.50545501708984,0.16792401745544738,0.402313232421875,0.8165919780731201,65.9090530872345,0.03517651557922363,0.07742071151733398,0.08155107498168945,0.00020286337060121753,5.621696710586548,4.267692565917969e-05,0.022251605987548828,75.75769352912903
98,98.0,2.546022415161133,1.9480409622192383,0.5935022830963135,0.39522647857666016,0.07478952407836914,0.0012166500091552734,63.833120346069336,0.15878885658226202,0.3998832702636719,1.2141509056091309,61.85398554801941,0.033315181732177734,0.07494044303894043,0.08044552803039551,0.000200113253806954,9.294928312301636,4.124641418457031e-05,0.022243261337280273,75.75455784797668
99,99.0,2.5487654209136963,1.9322259426116943,0.6121518611907959,0.414168119430542,0.0747065544128418,0.0012867450714111328,54.53190732002258,0.13565151074632484,0.42237424850463867,1.219674825668335,52.51109719276428,0.03222966194152832,0.0792989730834961,0.08077812194824219,0.00020094060186129898,18.596294403076172,4.363059997558594e-05,0.022323131561279297,75.75778889656067
100,100.0,2.546947479248047,1.9758522510528564,0.566788911819458,0.3675844669342041,0.07473468780517578,0.001275777816772461,63.607110261917114,0.1582266424425799,0.40932416915893555,1.5502870082855225,61.270787477493286,0.03176736831665039,0.0800178050994873,0.08252143859863281,0.00020527721044436023,9.518246173858643,4.315376281738281e-05,0.022041797637939453,75.75486850738525
101,101.0,2.5478620529174805,1.9574058055877686,0.585831880569458,0.3876645565032959,0.07475543022155762,0.0012671947479248047,67.83795642852783,0.16875113539434783,0.400390625,4.72376561164856,62.344136476516724,0.03460288047790527,0.07612156867980957,0.08032584190368652,0.00019981552712359832,5.290691375732422,3.910064697265625e-05,0.022061586380004883,75.7568747997284
102,102.0,2.549781084060669,1.9810762405395508,0.5643141269683838,0.3664686679840088,0.07337021827697754,0.0012843608856201172,68.52713370323181,0.17046550672445723,0.40369343757629395,2.0400400161743164,65.71417164802551,0.0328214168548584,0.07581567764282227,0.08107185363769531,0.00020167127770570972,4.599902391433716,3.790855407714844e-05,0.022021770477294922,75.75792694091797
103,103.0,2.5482490062713623,1.9599809646606445,0.5837352275848389,0.38559794425964355,0.0747523307800293,0.001249074935913086,68.34174108505249,0.1700043310573445,0.4008829593658447,2.0397915840148926,65.54081416130066,0.03216958045959473,0.07285141944885254,0.07862138748168945,0.00019557559075047127,4.788914680480957,4.267692565917969e-05,0.021947145462036133,75.75756883621216
104,104.0,2.5483505725860596,1.9875767230987549,0.556419849395752,0.3596529960632324,0.07327485084533691,0.0012519359588623047,59.33884263038635,0.1476090612696178,0.3881356716156006,1.3726763725280762,57.219258308410645,0.03296208381652832,0.07419943809509277,0.07931828498840332,0.00019730916663781922,13.790956974029541,4.076957702636719e-05,0.021965980529785156,75.75750923156738
105,105.0,2.546403408050537,1.9618961811065674,0.5802624225616455,0.38422679901123047,0.07311177253723145,0.0012865066528320312,65.51296019554138,0.16296756267547607,0.3936004638671875,4.720468521118164,60.03237557411194,0.03651142120361328,0.07370448112487793,0.0785224437713623,0.00019532946211781667,7.617728233337402,4.1484832763671875e-05,0.0223236083984375,75.75565576553345
106,106.0,2.546083450317383,1.9877424240112305,0.5542237758636475,0.3582284450531006,0.07141923904418945,0.0012290477752685547,69.44616389274597,0.17275165147449248,0.4148905277252197,6.511264801025391,62.140241622924805,0.03337717056274414,0.07927203178405762,0.08563661575317383,0.00021302640734620356,3.675628900527954,3.600120544433594e-05,0.022252798080444336,75.75354886054993
107,107.0,2.5447685718536377,1.9617054462432861,0.5789401531219482,0.3797159194946289,0.07469534873962402,0.0012824535369873047,67.16902828216553,0.1670871350302625,0.38978099822998047,4.718879699707031,61.70294785499573,0.03233003616333008,0.07356071472167969,0.07920265197753906,0.00019702152233218672,5.959372520446777,4.2438507080078125e-05,0.02231574058532715,75.75241446495056
108,108.0,2.5580639839172363,1.9720630645751953,0.5815813541412354,0.37247133255004883,0.07235455513000488,0.0012760162353515625,67.54989099502563,0.16803455471399412,0.4148433208465576,4.720423698425293,62.04271864891052,0.032778024673461914,0.07685351371765137,0.0806264877319336,0.00020056340231824278,5.565168380737305,3.9577484130859375e-05,0.0222623348236084,75.75378942489624
109,109.0,2.5466861724853516,1.9309313297271729,0.6115202903747559,0.4136776924133301,0.07482266426086426,0.00124359130859375,70.45712995529175,0.17526649242609887,0.4171867370605469,4.732825517654419,64.92152190208435,0.03352713584899902,0.08246994018554688,0.0854196548461914,0.00021248670359749107,2.6663105487823486,3.0994415283203125e-05,0.022318124771118164,75.75557732582092
110,110.0,2.5454466342926025,1.9461371898651123,0.5946974754333496,0.39715147018432617,0.07797408103942871,0.0011608600616455078,61.75067591667175,0.15360864655888495,0.3869149684906006,0.9741530418395996,60.03422546386719,0.032785654067993164,0.07281923294067383,0.07988834381103516,0.0001987272234105352,11.3778235912323,4.076957702636719e-05,0.02217698097229004,75.75387525558472
111,111.0,2.544448137283325,1.962320327758789,0.5779881477355957,0.38160157203674316,0.07335686683654785,0.0012428760528564453,66.13950371742249,0.1645261286503047,0.6466159820556641,1.2424697875976562,63.14509177207947,0.032509565353393555,0.07514786720275879,0.08061647415161133,0.00020053849291445605,6.989037752151489,4.267692565917969e-05,0.02211451530456543,75.75364875793457
112,112.0,2.540926933288574,1.958348035812378,0.5782430171966553,0.3796248435974121,0.07528376579284668,0.0012545585632324219,67.73075866699219,0.16848447429600047,0.4094266891479492,2.1576669216156006,64.79281330108643,0.03264188766479492,0.07610821723937988,0.0838925838470459,0.00020868801952001468,5.3949525356292725,3.981590270996094e-05,0.021362781524658203,75.75057053565979
113,113.0,2.538031816482544,1.9071362018585205,0.6266415119171143,0.4282217025756836,0.07475686073303223,0.0012326240539550781,63.633583307266235,0.1582924957892195,0.4143810272216797,2.159167528152466,60.67982721328735,0.035646677017211914,0.0793311595916748,0.08028769493103027,0.00019972063415679171,9.494604110717773,4.291534423828125e-05,0.022270679473876953,75.74654984474182
114,114.0,2.539280414581299,1.9600458145141602,0.5750617980957031,0.37631797790527344,0.07988166809082031,0.0012047290802001953,58.45091152191162,0.1454002774176906,0.40221381187438965,1.8307514190673828,55.84589719772339,0.03381228446960449,0.07594084739685059,0.08140921592712402,0.00020251048738090553,14.67613434791565,4.3392181396484375e-05,0.022119998931884766,75.74777889251709
115,115.0,2.5393872261047363,1.9408855438232422,0.5942633152008057,0.3956477642059326,0.07523822784423828,0.001264810562133789,66.91338467597961,0.16645120566164084,0.39988064765930176,1.560305118560791,64.5889036655426,0.03311944007873535,0.0747828483581543,0.07953929901123047,0.0001978589527642549,6.215864181518555,4.076957702636719e-05,0.022125720977783203,75.74821615219116
116,116.0,2.541499614715576,1.9700734615325928,0.5670201778411865,0.3680236339569092,0.07521677017211914,0.0012860298156738281,69.44316482543945,0.17274419110805833,0.4152393341064453,1.8391029834747314,66.81511068344116,0.031331777572631836,0.07732152938842773,0.08370137214660645,0.00020821236852389664,3.681831121444702,3.814697265625e-05,0.021974802017211914,75.750235080719
117,117.0,2.539944887161255,1.899829626083374,0.6359386444091797,0.4366447925567627,0.07517266273498535,0.0012390613555908203,66.53714680671692,0.16551529056397243,0.4334981441497803,1.8420212268829346,63.87858605384827,0.03362154960632324,0.07964420318603516,0.08237171173095703,0.00020490475554964436,6.589439868927002,4.267692565917969e-05,0.02123856544494629,75.74894595146179
118,118.0,2.5396833419799805,1.9569110870361328,0.5784704685211182,0.3795163631439209,0.07516241073608398,0.0013113021850585938,69.61523413658142,0.1731722242203518,0.4169750213623047,1.4816923141479492,67.33808588981628,0.03422141075134277,0.07755064964294434,0.08269500732421875,0.00020570897344333023,3.510528087615967,3.2901763916015625e-05,0.02201700210571289,75.7481734752655
119,119.0,2.539980888366699,1.9164180755615234,0.6194255352020264,0.4205327033996582,0.07485222816467285,0.0012428760528564453,66.1669647693634,0.16459443972478457,0.40008020401000977,1.3914415836334229,64.01905250549316,0.03182053565979004,0.07253050804138184,0.07728075981140137,0.0001922406960482621,6.964166641235352,4.172325134277344e-05,0.021984577178955078,75.7484347820282
120,120.0,2.5389859676361084,1.911980390548706,0.6227405071258545,0.4251677989959717,0.07410621643066406,0.0012898445129394531,67.21294784545898,0.16719638767527112,0.4070889949798584,3.884732484817505,62.55695152282715,0.03061056137084961,0.0746605396270752,0.07922625541687012,0.0001970802373553983,5.916993141174316,4.00543212890625e-05,0.02338576316833496,75.74819326400757
121,121.0,2.539823532104492,1.8802194595336914,0.6554255485534668,0.4561293125152588,0.0751490592956543,0.0012292861938476562,68.64881181716919,0.17076818859992335,0.41736316680908203,2.1666183471679688,65.68267726898193,0.035477399826049805,0.07887935638427734,0.08292245864868164,0.00020627477275791454,4.4758241176605225,3.695487976074219e-05,0.022334575653076172,75.74741888046265
122,122.0,2.5400543212890625,1.9413297176361084,0.5943422317504883,0.3947575092315674,0.07524728775024414,0.0012505054473876953,63.70637011528015,0.1584735575006969,0.4148528575897217,2.165278673171997,60.754297494888306,0.033127784729003906,0.07482695579528809,0.082916259765625,0.00020625935265080846,9.418583393096924,4.5299530029296875e-05,0.022123098373413086,75.74796938896179
123,123.0,2.540069580078125,1.8782918453216553,0.6574840545654297,0.4583733081817627,0.07477045059204102,0.0012691020965576172,68.34674334526062,0.17001677449069805,0.4001021385192871,5.512540102005005,62.06505799293518,0.03541684150695801,0.07485222816467285,0.08042263984680176,0.00020005631802687005,4.78043270111084,4.124641418457031e-05,0.022336959838867188,75.74770951271057
124,124.0,2.5412518978118896,1.9609951972961426,0.5759909152984619,0.3797874450683594,0.07247543334960938,0.0012819766998291016,67.79071164131165,0.16863361104803892,0.4153401851654053,1.467740535736084,65.52814173698425,0.03210949897766113,0.07968688011169434,0.08260178565979004,0.00020547707875569662,5.33500862121582,4.0531158447265625e-05,0.022351741790771484,75.74961447715759
125,125.0,2.541236400604248,1.8947288990020752,0.642291784286499,0.44336509704589844,0.07521343231201172,0.0012314319610595703,68.77545213699341,0.17108321427112788,0.4068286418914795,5.514795541763306,62.48168587684631,0.034201860427856445,0.07604503631591797,0.08118009567260742,0.00020194053649902344,4.351586103439331,3.695487976074219e-05,0.022353172302246094,75.74949169158936
126,126.0,2.538226842880249,1.9489235877990723,0.58479905128479,0.3856039047241211,0.07521796226501465,0.0012667179107666016,65.38041996955872,0.16263786062079283,0.41771507263183594,3.8913626670837402,60.690654277801514,0.034894466400146484,0.07841300964355469,0.08528971672058105,0.0002121634744293061,7.742129802703857,4.172325134277344e-05,0.022319316864013672,75.74610805511475
127,127.0,2.539440393447876,1.921818494796753,0.6133661270141602,0.41451191902160645,0.07978558540344238,0.0011718273162841797,62.84152793884277,0.15632220880309147,0.4136970043182373,3.890503406524658,58.15940546989441,0.03503608703613281,0.07668685913085938,0.08175277709960938,0.0002033651171632074,10.28469204902649,5.364418029785156e-05,0.022721529006958008,75.74746680259705
128,128.0,2.537503480911255,1.95039963722229,0.5827836990356445,0.3841698169708252,0.07982301712036133,0.001211404800415039,58.095571994781494,0.14451634824572512,0.408383846282959,2.3425633907318115,54.970359563827515,0.03312182426452637,0.07838058471679688,0.08231067657470703,0.0002047529268027538,15.030012607574463,5.269050598144531e-05,0.022846221923828125,75.7454514503479
129,129.0,2.539264440536499,1.939445972442627,0.5956592559814453,0.3970634937286377,0.0752112865447998,0.0012500286102294922,65.39266872406006,0.1626683301593534,0.41088318824768066,0.5765371322631836,64.02921342849731,0.03429460525512695,0.07727742195129395,0.08097600936889648,0.00020143285912660816,7.7344651222229,4.553794860839844e-05,0.022655010223388672,75.74741983413696
130,130.0,2.5417745113372803,1.9330084323883057,0.6043317317962646,0.40490221977233887,0.07526159286499023,0.0012683868408203125,57.744094133377075,0.14364202520740565,0.41689109802246094,2.3420751094818115,54.611552476882935,0.03357529640197754,0.07707762718200684,0.0817711353302002,0.00020341078440348306,15.38150143623352,4.38690185546875e-05,0.022680997848510742,75.74918508529663
131,131.0,2.5395796298980713,1.9238574504852295,0.6116552352905273,0.4127500057220459,0.07533574104309082,0.0012745857238769531,66.6614282131195,0.16582444829134205,0.42254185676574707,2.348720073699951,63.48727297782898,0.0383458137512207,0.08458113670349121,0.08906316757202148,0.00022155016808960568,6.457069396972656,4.458427429199219e-05,0.02266240119934082,75.74718499183655
132,132.0,2.549326181411743,1.9586231708526611,0.5864341259002686,0.3776273727416992,0.07520198822021484,0.0012586116790771484,56.845940828323364,0.1414078130057795,0.41280603408813477,2.335249900817871,53.72088980674744,0.0338289737701416,0.0793454647064209,0.08237409591674805,0.00020491068636006976,16.269826650619507,4.410743713378906e-05,0.022391319274902344,75.7475118637085
133,133.0,2.5398542881011963,1.9144091606140137,0.621070146560669,0.42176008224487305,0.07518768310546875,0.0013849735260009766,67.24961543083191,0.16728760057420872,0.4094967842102051,2.3415262699127197,64.12063360214233,0.033965110778808594,0.07969498634338379,0.08057045936584473,0.00020042402827324558,5.877668857574463,4.124641418457031e-05,0.022427797317504883,75.7477502822876
134,134.0,2.5395779609680176,1.9487535953521729,0.5861048698425293,0.38712215423583984,0.07535576820373535,0.0012023448944091797,61.50955080986023,0.15300883286034883,0.4102325439453125,0.7957229614257812,59.935319662094116,0.03283524513244629,0.07541918754577637,0.08093833923339844,0.00020133915232188666,11.617733240127563,4.410743713378906e-05,0.02240920066833496,75.74784445762634
135,135.0,2.5361382961273193,1.9202814102172852,0.6115896701812744,0.4124453067779541,0.07520842552185059,0.0012278556823730469,66.46178102493286,0.16532781349485787,0.41472458839416504,0.764674186706543,64.89829564094543,0.03827190399169922,0.07857871055603027,0.08431458473205566,0.0002097377729653126,6.661963701248169,4.029273986816406e-05,0.022336959838867188,75.74423789978027
136,136.0,2.540041923522949,1.9401452541351318,0.5955901145935059,0.3959927558898926,0.07526421546936035,0.0012612342834472656,59.608891010284424,0.14828082340866772,0.42267942428588867,0.7703661918640137,58.041011333465576,0.03376126289367676,0.07575154304504395,0.08064532279968262,0.00020061025572060354,13.518272638320923,4.363059997558594e-05,0.02231454849243164,75.74789452552795
137,137.0,2.5357556343078613,1.9320831298828125,0.5993466377258301,0.4005451202392578,0.07534337043762207,0.0012717247009277344,63.8354697227478,0.15879470080285524,0.40473389625549316,0.7889149188995361,62.27379870414734,0.032921791076660156,0.07534432411193848,0.08042430877685547,0.00020006046959416784,9.292317628860474,4.076957702636719e-05,0.022442340850830078,75.74400806427002
138,138.0,2.5393264293670654,1.958299160003662,0.5767655372619629,0.3784348964691162,0.07493448257446289,0.0012290477752685547,66.41517043113708,0.1652118667441221,0.41892409324645996,0.8472151756286621,64.76458644866943,0.03482198715209961,0.0800325870513916,0.08423566818237305,0.00020954146314023145,6.708871364593506,3.838539123535156e-05,0.022485733032226562,75.74764227867126
139,139.0,2.5391643047332764,1.9192235469818115,0.6157643795013428,0.4171783924102783,0.07521271705627441,0.0012462139129638672,63.5460901260376,0.15807485105979502,0.4102611541748047,4.243308067321777,58.49023699760437,0.03438878059387207,0.07687926292419434,0.08407974243164062,0.0002091535881384095,9.578322887420654,4.3392181396484375e-05,0.022377967834472656,75.74770045280457
140,140.0,2.553645133972168,1.9256300926208496,0.6240975856781006,0.42659831047058105,0.07775473594665527,0.0011894702911376953,58.458950996398926,0.14542027611044508,0.42160940170288086,1.8329906463623047,55.81620955467224,0.03674769401550293,0.07908105850219727,0.08498311042785645,0.00021140077220859813,14.66450047492981,3.981590270996094e-05,0.022458553314208984,75.76211953163147
141,141.0,2.5541021823883057,1.912065029144287,0.6378645896911621,0.44420456886291504,0.07038497924804688,0.0012476444244384766,63.39026594161987,0.1576872287104972,0.42821335792541504,1.835404396057129,60.73474478721619,0.0353085994720459,0.08041596412658691,0.08582806587219238,0.00021350265142336413,9.732070684432983,4.2438507080078125e-05,0.02251291275024414,75.76230931282043
142,142.0,2.553767681121826,1.88392972946167,0.665715217590332,0.46796202659606934,0.07462286949157715,0.001302480697631836,59.71539330482483,0.148545754489614,0.4274137020111084,1.454557180404663,57.447911500930786,0.0352327823638916,0.07814383506774902,0.08218789100646973,0.0002044474900658451,13.411435604095459,4.2438507080078125e-05,0.022417068481445312,75.76282691955566
143,143.0,2.5543465614318848,1.8968236446380615,0.6530377864837646,0.45400285720825195,0.07454276084899902,0.0012793540954589844,59.36275768280029,0.14766855144975197,0.4360344409942627,3.178241491317749,55.35516571998596,0.033815622329711914,0.08170557022094727,0.08586573600769043,0.00021359635822808566,13.758600234985352,3.886222839355469e-05,0.022286653518676758,75.76160907745361
144,144.0,2.55405855178833,1.9154002666473389,0.6340546607971191,0.4354403018951416,0.074615478515625,0.0013048648834228516,63.990442514419556,0.15918020525975013,0.4253706932067871,3.1726906299591064,60.00268316268921,0.03569793701171875,0.07918667793273926,0.08582496643066406,0.0002134949413698111,9.132587671279907,3.9577484130859375e-05,0.021543025970458984,75.76295328140259
145,145.0,2.5538837909698486,1.8842930793762207,0.6654212474822998,0.4669485092163086,0.07446432113647461,0.0012373924255371094,62.2270085811615,0.15479355368448133,0.4252510070800781,3.1733553409576416,58.24335217475891,0.03328275680541992,0.07883214950561523,0.0852971076965332,0.0002121818599416249,10.895164489746094,4.267692565917969e-05,0.02250194549560547,75.76139664649963
146,146.0,2.5534584522247314,1.9206559658050537,0.6285748481750488,0.43464207649230957,0.075042724609375,0.0012307167053222656,58.41926336288452,0.1453215506539416,0.4283106327056885,1.06284499168396,56.53745937347412,0.03422856330871582,0.08268475532531738,0.08546280860900879,0.00021259405126619103,14.703742504119873,3.8623809814453125e-05,0.022403478622436523,75.76196575164795
147,147.0,2.553987503051758,1.9087135791778564,0.6409003734588623,0.44229674339294434,0.07454490661621094,0.0012547969818115234,60.43427515029907,0.1503340177868136,0.4315376281738281,0.9634034633636475,58.6573121547699,0.033318519592285156,0.0763559341430664,0.0810086727142334,0.0002015141112294363,12.692694425582886,4.2438507080078125e-05,0.02243781089782715,75.76200819015503
148,148.0,2.554866313934326,1.907299518585205,0.6429879665374756,0.4443657398223877,0.07781600952148438,0.0012478828430175781,56.23240399360657,0.1398816019741457,0.4154336452484131,1.763892650604248,53.664353132247925,0.03546547889709473,0.08142852783203125,0.08350801467895508,0.00020773137979839573,16.89190912246704,4.267692565917969e-05,0.02219367027282715,75.76273012161255
149,149.0,2.5539443492889404,1.9026412963867188,0.6468155384063721,0.4481933116912842,0.07441854476928711,0.0012464523315429688,58.97704100608826,0.14670905722907526,0.42108917236328125,1.5109381675720215,56.657124757766724,0.0361328125,0.08080029487609863,0.08508086204528809,0.00021164393543604,14.145564079284668,4.291534423828125e-05,0.022235870361328125,75.76167321205139
150,150.0,2.552748918533325,1.9164061546325684,0.6320254802703857,0.43349623680114746,0.07448148727416992,0.00128936767578125,59.16668510437012,0.1471808087173386,0.4126133918762207,1.5051357746124268,56.88638401031494,0.031209230422973633,0.07190513610839844,0.07952260971069336,0.00019781743709127702,13.96177625656128,4.1484832763671875e-05,0.022240161895751953,75.76077437400818
151,151.0,2.553452968597412,1.9084532260894775,0.6406066417694092,0.44562602043151855,0.07051825523376465,0.0012936592102050781,61.10240936279297,0.15199604319102727,0.4235382080078125,2.542882204055786,57.75682258605957,0.03286862373352051,0.0773317813873291,0.08229494094848633,0.0002047137834539461,12.02304983139038,4.029273986816406e-05,0.022095918655395508,75.76124739646912
152,152.0,2.553623914718628,1.9072299003601074,0.6419963836669922,0.44807863235473633,0.07043862342834473,0.0013287067413330078,62.966817140579224,0.1566338734840279,0.4241816997528076,1.7661190032958984,60.3904504776001,0.035298824310302734,0.07887697219848633,0.08275151252746582,0.0002058495336504125,10.15885877609253,3.886222839355469e-05,0.02214217185974121,75.76209020614624
153,153.0,2.553171157836914,1.8756740093231201,0.6731483936309814,0.47429728507995605,0.07462430000305176,0.0012717247009277344,55.293129682540894,0.1375450987127883,0.4282410144805908,1.3933322429656982,53.08800458908081,0.0348968505859375,0.0788729190826416,0.08273911476135254,0.00020581869343620033,17.831732273101807,4.1961669921875e-05,0.02247929573059082,75.76081418991089
154,154.0,2.5546700954437256,1.857621431350708,0.6926977634429932,0.4985313415527344,0.07051420211791992,0.0013132095336914062,62.21761727333069,0.15477019222221564,0.41618847846984863,1.8315200805664062,59.590604066848755,0.03442645072937012,0.07669353485107422,0.08267331123352051,0.00020565500306845896,10.907811880111694,4.57763671875e-05,0.02255558967590332,75.76281833648682
155,155.0,2.5533151626586914,1.9060592651367188,0.6426806449890137,0.4444866180419922,0.0745999813079834,0.0012526512145996094,57.7048225402832,0.1435443346773214,0.4253578186035156,1.8350410461425781,55.06145358085632,0.03435087203979492,0.07808208465576172,0.08326220512390137,0.00020711991324353575,15.42029857635498,4.220008850097656e-05,0.022497892379760742,75.76174068450928
156,156.0,2.554198741912842,1.9221665859222412,0.6278300285339355,0.4342372417449951,0.07375407218933105,0.001241445541381836,61.45323634147644,0.1528687471181006,0.43618297576904297,1.2479205131530762,59.37146997451782,0.03718924522399902,0.0809030532836914,0.08617305755615234,0.00021436083969192125,11.668781757354736,4.0531158447265625e-05,0.022511005401611328,75.76243042945862
157,157.0,2.5548253059387207,1.9150373935699463,0.6356666088104248,0.437213659286499,0.07449960708618164,0.001270294189453125,63.69698429107666,0.15845020967929518,0.4309537410736084,3.1750593185424805,59.70253086090088,0.0342249870300293,0.07871413230895996,0.08409309387207031,0.00020918680067679183,9.426748514175415,3.528594970703125e-05,0.022521257400512695,75.76268649101257
158,158.0,2.5536515712738037,1.921140193939209,0.628286600112915,0.4301760196685791,0.07773208618164062,0.0012021064758300781,61.97360062599182,0.15416318563679557,0.41899800300598145,1.7664272785186768,59.40481638908386,0.03349566459655762,0.07881712913513184,0.08418822288513184,0.00020942344001276576,11.150384187698364,4.00543212890625e-05,0.022530078887939453,75.76186466217041
159,159.0,2.554638385772705,1.9075813293457031,0.6426329612731934,0.4443345069885254,0.07780599594116211,0.0011518001556396484,57.2418692111969,0.1423927094805893,0.4092826843261719,1.7623693943023682,54.696168184280396,0.03170514106750488,0.0800180435180664,0.08280253410339355,0.0002059764529935163,15.883164167404175,4.9591064453125e-05,0.022680044174194336,75.76252388954163
160,160.0,2.554506540298462,1.9174716472625732,0.6325945854187012,0.43793559074401855,0.07050609588623047,0.0012865066528320312,64.16288542747498,0.15960916773003725,0.417971134185791,1.765545129776001,61.6020712852478,0.033951520919799805,0.07793974876403809,0.08376431465148926,0.0002083689419191275,8.961066007614136,3.910064697265625e-05,0.022493600845336914,75.76226139068604
161,161.0,2.5548458099365234,1.91324782371521,0.6375329494476318,0.4379148483276367,0.07462215423583984,0.001398324966430664,60.02268362045288,0.14931015825983304,0.42227721214294434,2.4683609008789062,56.751549243927,0.033206939697265625,0.07804489135742188,0.08234000205993652,0.0002048258757709864,13.101671934127808,4.1484832763671875e-05,0.022427082061767578,75.76158285140991
162,162.0,2.5541603565216064,1.8948323726654053,0.6551246643066406,0.4563612937927246,0.0746164321899414,0.0014011859893798828,66.25367903709412,0.16481014685844309,0.43204164505004883,2.36326265335083,63.07061290740967,0.03393268585205078,0.07867169380187988,0.08346986770629883,0.00020763648683158912,6.8706419467926025,3.3855438232421875e-05,0.02266860008239746,75.76198506355286
163,163.0,2.5534114837646484,1.9167380332946777,0.6326525211334229,0.43470144271850586,0.07452964782714844,0.001287698745727539,60.38606929779053,0.1502141027308222,0.4380366802215576,2.549248456954956,57.0028874874115,0.03547835350036621,0.08060574531555176,0.08648371696472168,0.00021513362429035243,12.735599279403687,4.482269287109375e-05,0.02249455451965332,75.76160860061646
164,164.0,2.5525057315826416,1.9179143905639648,0.6303055286407471,0.4358541965484619,0.07051491737365723,0.0012943744659423828,62.98012113571167,0.15666696799928276,0.40294885635375977,2.5342211723327637,59.67265200614929,0.033567190170288086,0.07624435424804688,0.08223676681518555,0.00020456907167956605,10.145884275436401,3.981590270996094e-05,0.022239208221435547,75.76078772544861
165,165.0,2.554035186767578,1.855686902999878,0.6940562725067139,0.49536609649658203,0.07912468910217285,0.0012373924255371094,63.56069302558899,0.15811117668056962,0.42586684226989746,1.4653196334838867,61.29264712333679,0.03251528739929199,0.07613754272460938,0.08203458786010742,0.0002040661389554911,9.565385103225708,3.790855407714844e-05,0.022176504135131836,75.76218581199646
166,166.0,2.5550453662872314,1.9229121208190918,0.6280646324157715,0.4336578845977783,0.07050538063049316,0.0013167858123779297,61.50931525230408,0.1530082468962788,0.41900110244750977,1.5674810409545898,59.137768030166626,0.03484916687011719,0.07895827293395996,0.08475065231323242,0.00021082251819212045,11.61363410949707,4.00543212890625e-05,0.022231101989746094,75.7627854347229
167,167.0,2.5540854930877686,1.8839519023895264,0.6658074855804443,0.46698856353759766,0.07457518577575684,0.0012843608856201172,63.18187928199768,0.15716885393531763,0.42445874214172363,2.0597715377807617,60.306925773620605,0.03343510627746582,0.08295011520385742,0.08486127853393555,0.00021109770779585956,9.940991163253784,4.0531158447265625e-05,0.022114038467407227,75.76185774803162
168,168.0,2.5580599308013916,1.9441330432891846,0.609381914138794,0.410489559173584,0.07634091377258301,0.001245737075805664,71.51563906669617,0.1778995996683984,0.4182004928588867,9.632592916488647,61.075247049331665,0.037253618240356445,0.08041667938232422,0.08408141136169434,0.0002091577397057073,1.609178066253662,4.267692565917969e-05,0.02208566665649414,75.76700115203857
169,169.0,2.564422369003296,1.9325299263000488,0.6275119781494141,0.4279036521911621,0.07623958587646484,0.001310110092163086,73.11815929412842,0.18188596839335427,0.4160764217376709,9.632179260253906,62.67038607597351,0.039107561111450195,0.08635187149047852,0.08878946304321289,0.0002208693110527684,0.0006585121154785156,3.528594970703125e-05,0.022290706634521484,75.77206492424011
170,170.0,2.559497833251953,1.9490115642547607,0.6061930656433105,0.4060947895050049,0.07620120048522949,0.0012907981872558594,69.72863125801086,0.1734543066119673,0.41475963592529297,5.737167596817017,63.19360828399658,0.03610038757324219,0.0791466236114502,0.08462882041931152,0.0002105194537793819,3.3987393379211426,4.029273986816406e-05,0.017597675323486328,75.77153754234314
171,171.0,2.5608766078948975,1.9498260021209717,0.606879711151123,0.4071390628814697,0.07620477676391602,0.0012693405151367188,72.92722606658936,0.18141101011589392,0.42382121086120605,9.633427619934082,62.46403956413269,0.041774749755859375,0.08694672584533691,0.08677029609680176,0.00021584650770348695,0.19344377517700195,3.886222839355469e-05,0.022217988967895508,75.76835560798645
172,172.0,2.5610647201538086,1.8951442241668701,0.6616473197937012,0.4617013931274414,0.07624673843383789,0.0012936592102050781,72.63424444198608,0.180682200104443,0.42328429222106934,9.63525938987732,62.17898607254028,0.038414716720581055,0.08313751220703125,0.08498764038085938,0.0002114120407484064,0.4880523681640625,3.147125244140625e-05,0.02224588394165039,75.76838064193726
173,173.0,2.5603742599487305,1.9386053085327148,0.6173322200775146,0.4180929660797119,0.07619976997375488,0.0012886524200439453,72.58024287223816,0.18054786784138846,0.43058323860168457,9.637858390808105,62.10826277732849,0.03974604606628418,0.08388733863830566,0.08775115013122559,0.00021828644311250146,0.5398521423339844,3.9577484130859375e-05,0.02231621742248535,75.76826000213623
174,174.0,2.5649917125701904,1.9436144828796387,0.616591215133667,0.41660356521606445,0.07620549201965332,0.0013365745544433594,72.28861045837402,0.17982241407555727,0.44410133361816406,9.64310622215271,61.79042458534241,0.038022518157958984,0.08613872528076172,0.0874333381652832,0.00021749586608279403,0.8313004970550537,4.410743713378906e-05,0.02220010757446289,75.77238011360168
175,175.0,2.5637409687042236,1.9433047771453857,0.6162643432617188,0.41756510734558105,0.07616686820983887,0.0012545585632324219,71.45372605323792,0.17774558719710923,0.42246341705322266,9.632716655731201,60.99980640411377,0.040395498275756836,0.08265805244445801,0.0869441032409668,0.00021627886378349949,1.689457654953003,3.981590270996094e-05,0.0006136894226074219,75.79390859603882
176,176.0,2.56499981880188,1.9466156959533691,0.6135537624359131,0.41356897354125977,0.07615518569946289,0.0012907981872558594,72.73064136505127,0.18092199344540116,0.4165058135986328,9.629261493682861,62.29422307014465,0.036501407623291016,0.08075666427612305,0.08471798896789551,0.0002107412660892923,0.3925313949584961,3.504753112792969e-05,0.021401643753051758,75.77292561531067
177,177.0,2.5581541061401367,1.9422721862792969,0.6116924285888672,0.41190552711486816,0.07622861862182617,0.0012540817260742188,73.0045874118805,0.18160345127333455,0.42960166931152344,9.636285781860352,62.52754187583923,0.039621591567993164,0.0887761116027832,0.08861088752746582,0.00022042509335190501,0.11379647254943848,3.457069396972656e-05,0.022319555282592773,75.7651834487915
178,178.0,2.5584723949432373,1.9374361038208008,0.6162011623382568,0.4167976379394531,0.07799243927001953,0.0012814998626708984,72.22011113166809,0.17965201774046788,0.4244542121887207,9.635665893554688,61.75278091430664,0.04101157188415527,0.08736920356750488,0.09047508239746094,0.00022506239402353466,0.8974781036376953,4.076957702636719e-05,0.02222132682800293,75.76657748222351
179,179.0,2.564624547958374,1.9444153308868408,0.6161274909973145,0.41648387908935547,0.07619810104370117,0.001279592514038086,71.71034049987793,0.17838393159173616,0.41882801055908203,9.633761644363403,61.26357316970825,0.03946828842163086,0.08261609077453613,0.0871274471282959,0.0002167349431052137,1.4107873439788818,3.7670135498046875e-05,0.021616697311401367,75.77291750907898
180,180.0,2.5648131370544434,1.9602060317993164,0.6005551815032959,0.4009695053100586,0.07599377632141113,0.0013513565063476562,68.72444820404053,0.1709563388160212,0.41768980026245117,5.739018440246582,62.183194637298584,0.03605794906616211,0.07856321334838867,0.08522939682006836,0.00021201342492554318,4.398294925689697,3.814697265625e-05,0.02205657958984375,75.77282381057739
181,181.0,2.559340715408325,1.9187264442443848,0.6361894607543945,0.4362218379974365,0.07638907432556152,0.0013172626495361328,72.41136956214905,0.18012778498047027,0.42302966117858887,9.631656169891357,61.94479250907898,0.04230451583862305,0.08845233917236328,0.08870601654052734,0.00022066173268787896,0.7071192264556885,3.814697265625e-05,0.0220339298248291,75.76657366752625
182,182.0,2.563123941421509,1.9472367763519287,0.611365556716919,0.4114871025085449,0.07624149322509766,0.0013270378112792969,66.23115134239197,0.16475410781689545,0.4069938659667969,1.2380383014678955,64.21590065956116,0.03131294250488281,0.07805585861206055,0.08130073547363281,0.00020224063550654928,6.895486354827881,3.933906555175781e-05,0.02203083038330078,75.77110171318054
183,183.0,2.556790351867676,1.929142713546753,0.6232616901397705,0.4238710403442383,0.07612085342407227,0.0012996196746826172,68.57305788993835,0.17057974599487152,0.41167712211608887,1.239588737487793,66.55045819282532,0.03077387809753418,0.07532882690429688,0.08068394660949707,0.0002007063348494952,4.555052757263184,3.814697265625e-05,0.02193617820739746,75.76562309265137
184,184.0,2.557147264480591,1.9401700496673584,0.6122941970825195,0.41341114044189453,0.07623839378356934,0.0013103485107421875,69.28633117675781,0.1723540576536264,0.4193737506866455,1.292710304260254,67.19331955909729,0.032947540283203125,0.07934212684631348,0.08307623863220215,0.00020665731003035361,3.839681386947632,3.695487976074219e-05,0.021957874298095703,75.766273021698
185,185.0,2.55920672416687,1.9206352233886719,0.6343917846679688,0.43467164039611816,0.07799816131591797,0.0013625621795654297,67.00109910964966,0.16666940077027279,0.42336606979370117,1.5118374824523926,64.68929982185364,0.03245663642883301,0.07650399208068848,0.08157753944396973,0.00020292920259693963,6.125367879867554,3.814697265625e-05,0.02233719825744629,75.76728940010071
186,186.0,2.5572707653045654,1.9501347541809082,0.6029484272003174,0.4037208557128906,0.07617306709289551,0.001312255859375,66.23145461082458,0.16475486221598157,0.4170262813568115,1.5276339054107666,63.90885591506958,0.03188681602478027,0.0781240463256836,0.08450055122375488,0.00021020037617849473,6.892448425292969,3.790855407714844e-05,0.022456884384155273,75.76571226119995
187,187.0,2.5563769340515137,1.9283413887023926,0.623589038848877,0.4243185520172119,0.07626128196716309,0.0012416839599609375,69.78236103057861,0.17358796276263336,0.4156179428100586,1.5269618034362793,67.45805478096008,0.036000728607177734,0.07775068283081055,0.08338642120361328,0.00020742890846669971,3.3427882194519043,3.8623809814453125e-05,0.02231144905090332,75.76495122909546
188,188.0,2.56036376953125,1.9451653957366943,0.6107995510101318,0.4116630554199219,0.07607126235961914,0.0012767314910888672,67.01944303512573,0.1667150324256859,0.41942739486694336,1.3082165718078613,64.9085693359375,0.03374814987182617,0.0781240463256836,0.08370184898376465,0.00020821355468598172,6.105222225189209,4.00543212890625e-05,0.022335052490234375,75.76877093315125
189,189.0,2.557866096496582,1.8990883827209473,0.6546134948730469,0.45501208305358887,0.07619929313659668,0.0012943744659423828,68.3616852760315,0.17005394347271516,0.43812990188598633,1.5167396068572998,66.01520276069641,0.03321576118469238,0.08207225799560547,0.08254694938659668,0.00020534067011591215,4.763758897781372,3.790855407714844e-05,0.022329330444335938,75.76589512825012
190,190.0,2.5569422245025635,1.948484182357788,0.604248046875,0.4046592712402344,0.07967472076416016,0.0012428760528564453,70.12423896789551,0.1744384053927749,0.42668700218200684,1.8414053916931152,67.46184015274048,0.03714585304260254,0.0799705982208252,0.08573317527770996,0.00021326660516843274,2.997739791870117,4.2438507080078125e-05,0.022289276123046875,75.76469659805298
191,191.0,2.5609171390533447,1.920830488204956,0.635631799697876,0.4358994960784912,0.07623004913330078,0.0012636184692382812,63.028700828552246,0.15678781300634886,0.42877769470214844,1.3099937438964844,60.91147971153259,0.031039953231811523,0.07781529426574707,0.08084917068481445,0.00020111734001197626,10.098155498504639,5.125999450683594e-05,0.022527694702148438,75.76867389678955
192,192.0,2.560152053833008,1.951857328414917,0.6039917469024658,0.4043538570404053,0.07611370086669922,0.001291513442993164,68.9200348854065,0.17144287284926987,0.42104625701904297,1.3081896305084229,66.80575323104858,0.036696672439575195,0.07852768898010254,0.08246397972106934,0.0002051342779131078,4.205008506774902,4.029273986816406e-05,0.022333621978759766,75.76769971847534
193,193.0,2.5588159561157227,1.942169427871704,0.6126461029052734,0.41321563720703125,0.07621502876281738,0.0012454986572265625,62.31389546394348,0.15500969020881464,0.42287707328796387,1.605738878250122,59.91416835784912,0.030370473861694336,0.07524776458740234,0.08053970336914062,0.00020034752081875777,10.814051866531372,4.076957702636719e-05,0.022251367568969727,75.76734375953674
194,194.0,2.5572402477264404,1.9453463554382324,0.6077275276184082,0.4077622890472412,0.07634544372558594,0.0012238025665283203,67.5587363243103,0.1680565580206724,0.4131906032562256,1.5064499378204346,65.25838708877563,0.034737348556518555,0.07963156700134277,0.08353686332702637,0.0002078031426045432,5.565243482589722,3.838539123535156e-05,0.02230072021484375,75.76479530334473
195,195.0,2.564988851547241,1.9104907512664795,0.6502268314361572,0.45021629333496094,0.07631063461303711,0.001367807388305664,69.49121284484863,0.17286371354439958,0.41355443000793457,1.516502857208252,67.1903305053711,0.03327059745788574,0.07561016082763672,0.08094191551208496,0.00020134804853752479,3.6357152462005615,3.886222839355469e-05,0.022310733795166016,75.77289772033691
196,196.0,2.573072910308838,2.0110416412353516,0.5578176975250244,0.3567943572998047,0.07586264610290527,0.0012688636779785156,71.02613520622253,0.1766819283736879,0.40723156929016113,1.512150526046753,68.73187351226807,0.03466486930847168,0.07813692092895508,0.08277058601379395,0.00020589698013381578,2.0979714393615723,3.933906555175781e-05,0.022069692611694336,75.77998948097229
197,197.0,2.5749568939208984,1.940143346786499,0.6305422782897949,0.4306020736694336,0.07584428787231445,0.0013034343719482422,70.80200433731079,0.17612438889878307,0.41224050521850586,1.8384222984313965,68.16737127304077,0.036734580993652344,0.07911300659179688,0.0827646255493164,0.00020588215310775226,2.3229260444641113,3.743171691894531e-05,0.022738933563232422,75.78268933296204
198,198.0,2.5732128620147705,1.9677314758300781,0.6011755466461182,0.40152955055236816,0.07562088966369629,0.0012879371643066406,68.66889142990112,0.17081813788532618,0.40778207778930664,1.6935720443725586,66.20104193687439,0.03298544883728027,0.07419180870056152,0.07988810539245605,0.00019872663032949268,4.4592180252075195,4.029273986816406e-05,0.02201700210571289,75.78125071525574
199,199.0,2.571519613265991,1.9453752040863037,0.6218945980072021,0.42371606826782227,0.07883954048156738,0.001178741455078125,70.05548739433289,0.1742673815779425,0.4110145568847656,1.8373501300811768,67.42943453788757,0.03487420082092285,0.0776524543762207,0.08081340789794922,0.00020102837785559508,3.073301315307617,3.743171691894531e-05,0.02194499969482422,75.78115916252136
200,200.0,2.571146011352539,2.001793146133423,0.5650444030761719,0.36501193046569824,0.08052825927734375,0.0012559890747070312,71.41591882705688,0.17765153937078826,0.4179995059967041,2.1081273555755615,68.50078177452087,0.03597521781921387,0.08094167709350586,0.08227252960205078,0.0002046580338359472,1.7097139358520508,3.933906555175781e-05,0.02194690704345703,75.77909064292908
201,201.0,2.573192834854126,1.946512222290039,0.6225719451904297,0.42362332344055176,0.07569742202758789,0.0013017654418945312,71.04689264297485,0.17673356378849467,0.41880273818969727,2.1106057167053223,68.12804913520813,0.03839874267578125,0.08094120025634766,0.0856320858001709,0.00021301513880639527,2.0754480361938477,3.743171691894531e-05,0.02229762077331543,75.78120303153992
202,202.0,2.5747625827789307,2.012483835220337,0.5579476356506348,0.35844850540161133,0.07568097114562988,0.001211404800415039,72.33059787750244,0.17992686039179712,0.42256951332092285,2.1699821949005127,69.3475878238678,0.03697085380554199,0.08158469200134277,0.08358097076416016,0.00020791286259741332,0.7933945655822754,4.172325134277344e-05,0.0222470760345459,75.78237771987915
203,203.0,2.5737431049346924,1.9131720066070557,0.6564807891845703,0.4569692611694336,0.07570648193359375,0.0013246536254882812,72.23835372924805,0.17969739733643791,0.40976715087890625,2.108147144317627,69.32664513587952,0.03931117057800293,0.08181881904602051,0.08432292938232422,0.00020975853080180154,0.8848719596862793,4.291534423828125e-05,0.022327899932861328,75.78133463859558
204,204.0,2.571629524230957,2.008908271789551,0.5584235191345215,0.35898804664611816,0.07592058181762695,0.0012235641479492188,71.61577296257019,0.1781486889616174,0.4202132225036621,2.1121368408203125,68.6906042098999,0.039289236068725586,0.08133816719055176,0.08408260345458984,0.00020916070511092002,1.508075475692749,4.100799560546875e-05,0.022300004959106445,75.77960157394409
205,205.0,2.5715034008026123,1.9258112907409668,0.6414096355438232,0.4429795742034912,0.07582306861877441,0.0012836456298828125,72.96733784675598,0.1815107906635721,0.41175413131713867,2.1096572875976562,70.04897904396057,0.03999137878417969,0.08301901817321777,0.08574748039245605,0.0002133021900309852,0.1556391716003418,3.266334533691406e-05,0.022379159927368164,75.78026056289673
206,206.0,2.5689830780029297,2.005262613296509,0.559565544128418,0.3606150150299072,0.07588696479797363,0.0012483596801757812,59.814045906066895,0.14879115897031567,0.4084134101867676,2.1085996627807617,56.93422269821167,0.029940128326416016,0.07488250732421875,0.07970309257507324,0.0001982663994404807,13.31519627571106,4.220008850097656e-05,0.022200822830200195,75.77797055244446
207,207.0,2.572967767715454,1.9371588230133057,0.6312658786773682,0.4314291477203369,0.0759282112121582,0.001354217529296875,72.43310713768005,0.18018185855144292,0.41181445121765137,6.991397857666016,64.63849425315857,0.03931713104248047,0.08222031593322754,0.08597612380981445,0.00021387095475078222,0.688561201095581,3.8623809814453125e-05,0.022181272506713867,75.78065085411072
208,208.0,2.571356773376465,1.9492347240447998,0.617814302444458,0.41852712631225586,0.07586097717285156,0.0012466907501220703,70.45393562316895,0.1752585463262909,0.4142327308654785,6.987675189971924,62.674684047698975,0.034650325775146484,0.07706689834594727,0.07973361015319824,0.00019834231381392597,2.67559814453125,3.743171691894531e-05,0.021360158920288086,75.78066158294678
209,209.0,2.57118558883667,1.9480721950531006,0.6189546585083008,0.41999268531799316,0.0804131031036377,0.0012404918670654297,71.45872569084167,0.17775802410657132,0.40448904037475586,2.0085740089416504,68.66380071640015,0.03681659698486328,0.07894229888916016,0.08142781257629395,0.00020255674770222373,1.6680760383605957,3.8623809814453125e-05,0.022293806076049805,75.77945375442505
210,210.0,2.5697789192199707,2.0000791549682617,0.5651264190673828,0.3667306900024414,0.0756533145904541,0.0012433528900146484,71.26171088218689,0.17726793751787784,0.40969371795654297,2.010798931121826,68.45869040489197,0.03636598587036133,0.07896208763122559,0.08280181884765625,0.0002059746737503887,1.864457130432129,4.076957702636719e-05,0.022166013717651367,75.77878952026367
211,211.0,2.5719923973083496,1.9276304244995117,0.6400530338287354,0.4402165412902832,0.07585573196411133,0.0013175010681152344,72.03317832946777,0.17918701076982033,0.4137425422668457,1.6952040195465088,69.52971410751343,0.040605783462524414,0.0826578140258789,0.08500552177429199,0.000211456521826597,1.089090347290039,3.814697265625e-05,0.022185802459716797,75.77930474281311
212,212.0,2.5748608112335205,1.9431562423706055,0.627354621887207,0.4275383949279785,0.07586407661437988,0.0012326240539550781,72.23198056221008,0.17968154368708975,0.40543389320373535,6.9855475425720215,64.45369052886963,0.03685164451599121,0.08198904991149902,0.0844581127166748,0.0002100948077529224,0.8914275169372559,3.9577484130859375e-05,0.02192974090576172,75.78276658058167
213,213.0,2.572580099105835,1.8882088661193848,0.6801304817199707,0.4809081554412842,0.0805056095123291,0.0012292861938476562,70.07440948486328,0.17431445145488378,0.40809035301208496,6.987586498260498,62.307557106018066,0.033265113830566406,0.07587599754333496,0.08283090591430664,0.00020604702963757871,3.0522515773773193,3.600120544433594e-05,0.021268129348754883,75.78210806846619
214,214.0,2.5737242698669434,1.9743473529815674,0.5952160358428955,0.3965773582458496,0.07571029663085938,0.0012760162353515625,72.49230408668518,0.18032911464349546,0.39826273918151855,6.984068155288696,64.72852373123169,0.035395145416259766,0.0821847915649414,0.08311796188354492,0.00020676109921279832,0.633481502532959,3.6716461181640625e-05,0.021992921829223633,75.78266453742981
215,215.0,2.5725533962249756,1.9513719081878662,0.6170508861541748,0.4179527759552002,0.07577991485595703,0.0012886524200439453,72.8350739479065,0.18118177598981716,0.4029853343963623,6.9865381717681885,65.0538694858551,0.04028487205505371,0.0823984146118164,0.08431100845336914,0.00020972887674967447,0.2890439033508301,3.743171691894531e-05,0.021954774856567383,75.78101968765259
216,216.0,2.5741164684295654,2.00068998336792,0.5688579082489014,0.3679389953613281,0.07584547996520996,0.001287698745727539,71.97976875305176,0.1790541511269944,0.40521693229675293,6.988114833831787,64.208744764328,0.03734755516052246,0.07872891426086426,0.08185863494873047,0.00020362844514609568,1.1453659534454346,4.076957702636719e-05,0.02193284034729004,75.78115057945251
217,217.0,2.5729827880859375,1.9381046295166016,0.6305804252624512,0.4308459758758545,0.07581162452697754,0.001313924789428711,70.93101119995117,0.17644530149241586,0.4128236770629883,6.989728212356567,63.14915657043457,0.03544259071350098,0.07894420623779297,0.08234310150146484,0.0002048335858245394,2.1944150924682617,3.838539123535156e-05,0.02234506607055664,75.78079056739807
218,218.0,2.5830161571502686,1.9911880493164062,0.5875585079193115,0.3765277862548828,0.07722163200378418,0.001360177993774414,72.73803114891052,0.18094037599231474,0.40050458908081055,5.750830411911011,66.20335483551025,0.037616729736328125,0.07946562767028809,0.08287858963012695,0.00020616564584608694,0.37566542625427246,3.5762786865234375e-05,0.02216315269470215,75.77962708473206
219,219.0,2.572374105453491,1.9109556674957275,0.6571769714355469,0.458066463470459,0.07574892044067383,0.0013127326965332031,72.19276738166809,0.17958399846186093,0.414074182510376,4.42031717300415,66.97447800636292,0.037322282791137695,0.07921409606933594,0.08206701278686523,0.0002041467979772767,0.9334754943847656,3.8623809814453125e-05,0.022301435470581055,75.78072261810303
220,220.0,2.5716755390167236,2.002807855606079,0.5644655227661133,0.36516404151916504,0.07564544677734375,0.0012025833129882812,72.71218347549438,0.18087607829724972,0.4146442413330078,4.421669244766235,67.47830843925476,0.040247440338134766,0.08421635627746582,0.08619093894958496,0.00021440532077011184,0.40912652015686035,3.981590270996094e-05,0.0223691463470459,75.77921628952026
221,221.0,2.5724663734436035,1.9436914920806885,0.6246452331542969,0.42481374740600586,0.07536029815673828,0.0013072490692138672,71.21242880821228,0.1771453452940604,0.41492319107055664,5.767788410186768,64.64561820030212,0.037008047103881836,0.07897710800170898,0.08294486999511719,0.0002063305223759134,1.9115674495697021,3.981590270996094e-05,0.022304773330688477,75.77944731712341
222,222.0,2.573441743850708,2.003580331802368,0.5651459693908691,0.3657877445220947,0.07579755783081055,0.001253366470336914,71.76447415351868,0.17851859242168824,0.41407275199890137,5.765142202377319,65.19822382926941,0.03725242614746094,0.08073711395263672,0.0839836597442627,0.00020891457647826542,1.3596479892730713,4.00543212890625e-05,0.022321701049804688,75.78158760070801
223,223.0,2.5723509788513184,1.9724094867706299,0.5957963466644287,0.39762139320373535,0.0756385326385498,0.0013949871063232422,73.04856371879578,0.1817128450716313,0.4243929386138916,5.768127202987671,66.4588098526001,0.039069414138793945,0.0827476978302002,0.08502984046936035,0.0002115170160929362,0.07458043098449707,3.695487976074219e-05,0.022740602493286133,75.78056192398071
